{"chain": [{"index": 1, "timestamp": 1582740847.0091407, "transactions": [], "proof": 100, "previous_hash": "1"}, {"index": 2, "timestamp": 1582740858.0337718, "transactions": ["Vote For Best Professor", ["Sam", "Gary"], {"sender": "0", "recipient": "612a382ccab44de19c18e27645f02872", "amount": 1}], "proof": 86206, "previous_hash": "2457bed33d137d4564f6520d3315230a37c03e7da251493d30e9a61a8e95e8e6"}, {"index": 3, "timestamp": 1582740867.9560907, "transactions": [{"sender": "0", "recipient": "612a382ccab44de19c18e27645f02872", "amount": 1}], "proof": 24872, "previous_hash": "e9bdbedc6e7393385a6cf22cc708694589e4ab499351c0305a4498cc76e815b7"}, {"index": 4, "timestamp": 1582740877.9255478, "transactions": [{"sender": "0", "recipient": "612a382ccab44de19c18e27645f02872", "amount": 1}], "proof": 4925, "previous_hash": "8754f0c6a3be1ed08967fc81bdf12638600fabff07808fe455a5a0b6868f3ea9"}, {"index": 5, "timestamp": 1582740887.9399073, "transactions": [{"sender": "0", "recipient": "612a382ccab44de19c18e27645f02872", "amount": 1}], "proof": 5753, "previous_hash": "49daabbf81d664007b25f5700528500f20b626f13d4f7d2620359cecf08864e7"}, {"index": 6, "timestamp": 1582740897.9496179, "transactions": [{"sender": "0", "recipient": "612a382ccab44de19c18e27645f02872", "amount": 1}], "proof": 17429, "previous_hash": "986508114dca8efba547bfaefbd27860aabe8871658abf4dfe0a080b62de75ee"}, {"index": 7, "timestamp": 1582740908.0978541, "transactions": [{"sender": "0", "recipient": "612a382ccab44de19c18e27645f02872", "amount": 1}], "proof": 135629, "previous_hash": "670b7c3c72535a226b290dfd67594e43b1d3e789b32f18890241315ec297b72a"}, {"index": 8, "timestamp": 1582740917.9096985, "transactions": [{"sender": "ad9ecf08869df0cc", "recipient": "Sam", "amount": 1}, {"sender": "0", "recipient": "612a382ccab44de19c18e27645f02872", "amount": 1}], "proof": 361, "previous_hash": "42b3e0ff8ade8e68f6f95d1e7d5e651ce209a29df21d080b0158dd8a347d62f7"}, {"index": 9, "timestamp": 1582740927.9958334, "transactions": [{"sender": "0", "recipient": "612a382ccab44de19c18e27645f02872", "amount": 1}], "proof": 39727, "previous_hash": "5b64e78bca0d853f9ebcfbcd8bd2e8aea97f50c8e3f9f3ee3fd74ee89a4d6275"}, {"index": 10, "timestamp": 1582740937.960703, "transactions": [{"sender": "0", "recipient": "612a382ccab44de19c18e27645f02872", "amount": 1}], "proof": 29206, "previous_hash": "e418fd5e8593d9e14897204d25f1b0bc0053ec924594788937bf6b24c389d02b"}, {"index": 11, "timestamp": 1582740947.9750874, "transactions": [{"sender": "0", "recipient": "612a382ccab44de19c18e27645f02872", "amount": 1}], "proof": 29766, "previous_hash": "53d0a08c363d609fe97f5177a827755c3d5f66418c6faf8844af3761fe118a78"}, {"index": 12, "timestamp": 1582740957.9708457, "transactions": [{"sender": "fdsahakjfdsahkfjdsa", "recipient": "Gary", "amount": 1}, {"sender": "0", "recipient": "612a382ccab44de19c18e27645f02872", "amount": 1}], "proof": 45549, "previous_hash": "cd8c34c89cc9f1705008f69362501ec579855d638d1816297e06ea4535dd36a9"}, {"index": 13, "timestamp": 1582740968.2170932, "transactions": [{"sender": "0", "recipient": "612a382ccab44de19c18e27645f02872", "amount": 1}], "proof": 157761, "previous_hash": "a8aca744a3af737dd55d158e2c35f04b1adb59d6b83cc464c9a91ae325e171d2"}, {"index": 14, "timestamp": 1582740977.9925241, "transactions": [{"sender": "0", "recipient": "612a382ccab44de19c18e27645f02872", "amount": 1}], "proof": 49071, "previous_hash": "be337026c16419982de0097014786cb348e3614fed483fc7ba24643e77071cd0"}, {"index": 15, "timestamp": 1582740988.1450078, "transactions": [{"sender": "0", "recipient": "612a382ccab44de19c18e27645f02872", "amount": 1}], "proof": 169057, "previous_hash": "44b17261c308f2f8b55709f7e050a18cfddf27bc10c8055a585da374537f17bb"}, {"index": 16, "timestamp": 1582740997.9980316, "transactions": [{"sender": "0", "recipient": "612a382ccab44de19c18e27645f02872", "amount": 1}], "proof": 59771, "previous_hash": "978d0c213c6149e24b77ea96f98f818d76258ccde2e32194f7b091b4021adee7"}, {"index": 17, "timestamp": 1582741007.932381, "transactions": [{"sender": "0", "recipient": "612a382ccab44de19c18e27645f02872", "amount": 1}], "proof": 10346, "previous_hash": "98befeebadb64907be0dff67330fc30a7bd3bae38662d1a347255bd9b1aa44f2"}, {"index": 18, "timestamp": 1582741017.9552503, "transactions": [{"sender": "0", "recipient": "612a382ccab44de19c18e27645f02872", "amount": 1}], "proof": 24119, "previous_hash": "dc9185597e53df18f615e09f739a03a97fb7df00705797bd7ab2f7048d14c1a1"}, {"index": 19, "timestamp": 1582741028.4037127, "transactions": [{"sender": "0", "recipient": "612a382ccab44de19c18e27645f02872", "amount": 1}], "proof": 366715, "previous_hash": "587a35f993dff3adb8af70413eb2f41edd869e61d94ead8c87ebbd21aae5ff1b"}, {"index": 20, "timestamp": 1582741038.3653345, "transactions": [{"sender": "0", "recipient": "612a382ccab44de19c18e27645f02872", "amount": 1}], "proof": 265260, "previous_hash": "17da788d16f4b1eaef6591311ef6164fa24739636ca22b512c81e30e520d1b06"}, {"index": 21, "timestamp": 1582741048.227154, "transactions": [{"sender": "0", "recipient": "612a382ccab44de19c18e27645f02872", "amount": 1}], "proof": 232387, "previous_hash": "872c818819c944e91c4967715221dfb9564133e143b347095fc18653e3484279"}, {"index": 22, "timestamp": 1582741057.9862387, "transactions": [{"sender": "0", "recipient": "612a382ccab44de19c18e27645f02872", "amount": 1}], "proof": 46902, "previous_hash": "3e8dd7c47bada0c91826d6880d01afa28d298cfc645ee3c2f6c1ad6ac017707e"}], "length": 22}